"Id","Service","Status"
"1","Service1","Running"
"2","Service2","Running"
"3","Service3","Running"
"4","Service4","Stopped"
"5","Service5","Stopped"
"6","Service6","Stopped"
"7","Service7","Stopped"
"8","Service8","Stopped"
"9","Service9","Stopped"
"10","Service10","Stopped"
"11","Service11","Running"
"12","Service12","Running"
"13","Service13","Running"
"14","Service14","Running"
"15","Service15","Running"
"16","Service16","Running"
"17","Service17","Running"
"18","Service18","Running"
"19","Service19","Running"
"20","Service20","Running"
"21","Service21","Stopped"
"22","Service22","Stopped"
"23","Service23","Stopped"
"24","Service24","Stopped"
"25","Service25","Stopped"
"26","Service26","Stopped"
"27","Service27","Running"
"28","Service28","Running"
"29","Service29","Running"
"30","Service30","Running"
"31","Service31","Running"
"32","Service32","Running"
"33","Service33","Running"
"34","Service34","Running"
"35","Service35","Running"
"36","Service36","Running"
"37","Service37","Running"
"38","Service38","Running"
"39","Service39","Running"
"40","Service40","Running"
"41","Service41","Running"
"42","Service42","Running"
"43","Service43","Running"
"44","Service44","Running"
"45","Service45","Running"
"46","Service46","Running"
"47","Service47","Running"
"48","Service48","Running"
"49","Service49","Running"
"50","Service50","Running"
"51","Service51","Running"
"52","Service52","Running"
"53","Service53","Running"
"54","Service54","Running"
"55","Service55","Running"
"56","Service56","Running"
"57","Service57","Running"
"58","Service58","Running"
"59","Service59","Running"
"60","Service60","Running"
"61","Service61","Running"
"62","Service62","Running"
"63","Service63","Running"
"64","Service64","Running"
"65","Service65","Running"
"66","Service66","Running"
"67","Service67","Running"
"68","Service68","Running"
"69","Service69","Running"
"70","Service70","Running"
"71","Service71","Running"
"72","Service72","Running"
"73","Service73","Running"
"74","Service74","Running"
"75","Service75","Running"
"76","Service76","Running"
"77","Service77","Running"
"78","Service78","Running"
"79","Service79","Running"
"80","Service80","Running"
"81","Service81","Running"
"82","Service82","Running"
"83","Service83","Running"
"84","Service84","Running"
"85","Service85","Running"
"86","Service86","Running"
"87","Service87","Running"
"88","Service88","Running"
"89","Service89","Running"
"90","Service90","Running"
"91","Service91","Stopped"
"92","Service92","Stopped"
"93","Service93","Stopped"
"94","Service94","Stopped"
"95","Service95","Stopped"
"96","Service96","Stopped"
"97","Service97","Stopped"
"98","Service98","Stopped"
"99","Service99","Stopped"
"100","Service100","Running"
